keyword,count
sub,16
무공해,11
가을,10
브이로그,10
공감합니다,10
여행,9
진짜,9
이유,9
레전드,9
플리,9
응원가,9
en,9
먹방,8
시즌2,8
ep,8
모음,8
맛집,7
노래,7
해봤습니다,7
플레이리스트,7
유퀴즈온더블럭,7
playlist,7
사연,7
게임,7
예고,6
안되는,6
feat,6
ft,6
하이라이트,6
괴담,6
직장인,6
핑계고,5
세븐틴,5
야구,5
디저트,5
디아블로2,5
레저렉션,5
2025,5
배우,5
틀린그림찾기,5
비하인드,5
반응,5
사이다툰,5
감성,5
piano,5
오디오북,5
재즈,5
도라이버,5
이야기,5
시청자,5
독서,5
가장,5
마인크래프트,5
드라마,5
collection,5
스토리,5
라이브,5
선물,5
초특가퀴즈쇼,5
썰플리,5
집대성,5
무대,5
with,5
behind,5
무한도전,5
vs,5
러닝,5
이쪽으로올래s3,5
컬투쇼,5
롯데,5
무조건,5
총정리,4
화성인이지만괜찮아,4
인생,4
선수별,4
방법,4
롯데자이언츠,4
투어,4
걸스,4
리뷰,4
피겨,4
피겨 주니어,4
유튜버,4
피겨스케이팅,4
몰아보기,4
제주도,4
이무진,4
아이돌,4
엠카운트다운,4
엠카마블,4
모셨습니다,4
주일예배,4
라이프교회,4
참교육,4
케이팝,4
영업중ep,4
live,4
할명수,4
보이넥스트도어,4
kia,4
이찬혁,4
chanhyuk,4
이찬혁 lee,4
속마음,4
14f,4
떠들고,4
생일파티,4
싶어서,4
아들,4
best,4
챌린지,4
한국,4
시청자 괴담,4
따라해볼레이,4
나혼자산다,4
고나리자,4
부산,4
레시피,4
팝송,4
영상툰,4
1위,4
엄마,4
1회,4
박규영,4
셀폰kode,4
트레저,4
내가,4
제안서,4
디바마을,4
퀸가비,4
1시간,3
chaeyoung,3
보는,3
맛있는,3
찾기,3
영화,3
친구,3
모두의주방,3
최악의,3
아이딧,3
100만,3
elle,3
웃으면,3
김태래,3
해외에서,3
금지,3
솔직히,3
zip,3
mnet,3
focus on face,3
문제,3
이석훈,3
쇼핑,3
lee,3
영상툰 썰툰,3
이상한,3
무서운,3
보고,3
되는,3
호캉스,3
시구,3
놀면뭐하니,3
성시경의,3
10년,3
꿈꾸는,3
만날사람인나,3
주고받고,3
위한,3
25일,3
샤이니,3
이선민,3
드립니다,3
공시생,3
광고,3
move to,3
사랑,3
정용화의,3
이재용,3
가짜,3
비행기,3
밥사효2,3
커피,3
보컬,3
헤즈,3
소녀시대,3
국립경국대학교,3
대회,3
생기는,3
토킹,3
사람들,3
클립,3
나래식,3
다시,3
상황,3
광주,3
하이디라오,3
먹는,3
경연,3
노홍철이,3
댓글,3
쇼타로의,3
또또,3
없는,3
프로미스나인,3
아닙니다,3
라디오,3
테스터훈,3
사는,3
엄태구,3
리무진서비스,3
영상,3
하루,3
민수,3
100,3
토킹 헤즈,3
일본,3
그냥,3
야구 하이라이트,3
official,3
대결,3
하우스 오브,3
지훈,3
스페셜,3
jtbc,3
귀여움,3
월드컵,3
5차 아제르바이잔 바쿠,3
마크,3
감정,3
치과의사,3
심연의,3
기념,3
미래,3
짠한형,3
심야괴담,3
도파민,3
mv,3
엔하이픈,3
오늘은 누군가의 생일이다,3
대선후보,3
인터뷰,3
선공개,3
누군가의,3
있습니다,3
2025년,3
오늘은,3
기자,3
15,3
ost,3
식스센스시티투어,3
14,3
pdf,3
싶어,3
궤도,3
여름,3
간식,3
먹고,3
신창중학교,3
공포실화,3
만난,3
싶은,3
웹드라마,3
boynextdoor 보이넥스트도어,3
엠카운트다운 ep 907,2
학생관리를 해오신,2
캐비닛,2
zerobaseone,2
제로베이스원,2
boynextdoor,2
907 mnet 250925,2
대표,2
재즈 soft autumn,2
래퍼가 되고싶은,2
jpn,2
자꾸,2
콘서트,2
아는,2
머리가,2
있는,2
왔습니다,2
영역,2
cover,2
노래방커버,2
형님,2
빈지노,2
무딱싫,2
임슬옹,2
이혼숙려캠프,2
롯데전,2
라이프,2
청하,2
9월,2
키움전,2
앞에선,2
거침없이하이킥,2
몬스타엑스,2
어버이날,2
서울가요제,2
존박투어,2
무도,2
슈스케2,2
시소엔터,2
콘텐츠,2
비밀,2
엘피룸2,2
아저씨,2
엔시티,2
처음,2
분노가,2
254,2
우즈,2
개와늑대의시간,2
stage,2
마라탕,2
그알,2
개와 늑대의 8회,2
또간집,2
박재범,2
와이프랑,2
몰래,2
isu 피겨,2
original,2
에이스,2
full,2
you quiz,2
딱대,2
남편의,2
사주,2
우리들의,2
발라드,2
뭔가,2
가능,2
짧게보기,2
korea,2
먹어봤습니다,2
라이브 짧게보기,2
올해,2
순삭,2
어디가,2
각집부부,2
타이거즈,2
야구중계,2
메이저 리그,2
여름아,2
진심인,2
전과자,2
id,2
떡볶이,2
밤에,2
잔잔한,2
여친,2
말차,2
2회,2
패션,2
아이템,2
검찰직,2
직장병행,2
아내,2
후쿠오카,2
왕자,2
있나요,2
focused,2
랜더스,2
밥묵자,2
채운,2
서울 신창중학교,2
좋은날부동산,2
작가,2
동생이랑,2
대로,2
토크,2
현실,2
문제아들,2
house kbs 250925,2
shoulders,2
tws 투어스,2
다산,2
on,2
먹기,2
스카우트,2
처음 불러보는 노래,2
한국사,2
킥플립,2
유선우,2
해설위원,2
조건,2
아이키,2
메이저,2
테토녀,2
가을이,2
모태솔로,2
읽은,2
동네스타k쇼,2
강지영과,2
벌거벗은,2
보면,2
키스,2
논란,2
퇴사자,2
나태주,2
누군가의 생일이다,2
대신,2
커플,2
공명,2
boss,2
impossible,2
77,2
in,2
mmtg,2
나의,2
the mmtg show,2
닛폰햄,2
홍석천의,2
유익함,2
공개,2
그루브,2
업무,2
당일치기,2
대한,2
지명,2
좋소기업,2
시작,2
탐험하기,2
방사능,2
유령도시,2
뜨개,2
맞히기,2
있는데,2
티전드,2
파티,2
슈퍼,2
다이어트,2
살아있는,2
모음집,2
메들리,2
근데,2
2026,2
남의,2
가게,2
토크 괜찮은지 ep,2
느좋,2
보이넥4,2
재미있어,2
박보검,2
미친,2
청춘만화,2
바다,2
it,2
eros,2
band live,2
live it live,2
5년,2
performance,2
보스를,2
잡는,2
얼빡직캠,2
헌팅,2
사랑인나,2
거예요,2
강하늘,2
한국시리즈,2
piano collection,2
기아vs롯데,2
기아,2
직캠,2
빨간,2
the,2
살아남는,2
아버지,2
영화제,2
tit your majesty,2
2부,2
반전,2
남주,2
이달의 남주,2
규빈,2
돌아온,2
편지,2
관리,2
형수님,2
사람,2
30분,2
카니를 찾아서,2
박재연,2
정도는,2
지식인초대석,2
손흥민,2
달리,2
한국에서,2
비결,2
유명한,2
섬총사2,2
만남,2
사족보행,2
진실,2
제주,2
17,2
하는,2
냉터뷰,2
정성일,2
눈떠보니 내가 시잡이,2
아기,2
쓰고,2
시잡이,2
함께,2
베이비복스,2
티저,2
유닛,2
흙심인대호,2
대좋밭,2
절대,2
집에서,2
완벽한,2
이벤트,2
목사,2
산지직송,2
더짠내투어,2
감스트,2
2대1,2
태국,2
관계,2
고민,2
최초,2
하고,2
세계를,2
소설,2
하고 싶어,2
영원히,2
봐도,2
걸작,2
남편,2
dali,2
연애는,2
승리,2
아이브,2
24시간,2
가고,2
실존,2
마선호,2
김영광,2
동생,2
폭주하는,2
쇼리,2
대공개,2
안읽씹,2
마지막,2
무료로,2
역사,2
연휴,2
중국,2
한국인,2
라플위클리,2
너무,2
비밀보장,2
있음,2
줄게,2
신예은,2
선배,2
39,2
연애,2
2025 신한 sol뱅크,2
idid,2
최초공개,2
서울,2
아이유,2
전역하자마자,2
다크소울,2
상대,2
노래들이,2
25 야구,2
현아의 줄게,2
살롱드돌,2
왜샀나 청문회,2
않은,2
찍고,2
수지,2
이채영,2
nct,2
먹을텐데,2
lg,2
물건들,2
찰스엔터,2
과학,2
동생들,2
노홍철,2
twins,2
재형,2
찜질방,2
싸움,2
한잔,2
박정민,2
피자,2
jp,2
한화 이글스,2
이준,2
나는,2
작은,2
37,2
워크맨,2
단순노동,2
목요일,2
세상에서,2
한화,2
아마존프라임,2
평범한,2
특별편,2
조현아의,2
신승훈,2
이승윤,2
바이크,2
인턴,2
역대급,2
디바제시카,2
공포,2
청문회,2
파는,2
안에,2
프랑스,2
대한민국,2
버린,2
소리내면,2
우창윤,2
세계에서,2
장도바리바리,2
돈값,2
당신은,2
fantasia,2
유혹,2
할까,2
놀이공원,2
넉살,2
애들,2
에스쿱스,2
백화점,2
여성,2
논쟁,2
오존,2
만든,2
최고가,2
가득,2
카라미,2
한로로,2
확실한,2
같은,2
진정한,2
제대로,2
거짓말,2
고품격,2
미국,2
진격거의,2
왜샀나,2
허용별,2
on the fantasia,2
사람이,2
곡부터,2
유병재,2
삿포로,2
특강,2
이준영 그대,1
컨셉 소화력,1
자만추하고 싶어서,1
이준영 그대 내게,1
이제,1
최신,1
타임캡슐에,1
우기,1
사진도 기계가 찍어줘야,1
38도에 러닝 했습니다,1
인간극장,1
4k 컨셉,1
사진사 박씨의,1
잡솨봐,1
부를텐데,1
이러나요 why are,1
인어미닛 how,1
올아워즈 do,1
do it,1
band,1
배드빌런,1
천고마비,1
badvillain,1
시즌,1
25시소문난오돌뼈,1
4k in minute,1
오픈런,1
시즌 피날레,1
how we do,1
모찌빵을 먹냐고,1
숏박스,1
조째즈,1
355만 구독자,1
minute 인어미닛,1
먹을텐데 광주,1
이준영,1
회식했습니다,1
귀여움 대결,1
자꾸 하얘지는 비결,1
투표하세요 아이돌 인간극장,1
ep boynextdoor,1
페미,1
100만 유튜버,1
lun8,1
심연의 유흥 레전드,1
유흥,1
심연의 유흥,1
극우 유튜버 아닙니다,1
극우,1
유튜버 아닙니다,1
심연의 당근마켓 레전드,1
당근마켓,1
심연의 당근마켓,1
입덕하러 갈테야 idid,1
제멋대로 찬란하게 chan,1
ran 내돌의 온도차,1
커뮤니티,1
황소개구리 먹고 대한해협까지,1
루네이트,1
안무서운,1
파는 게임을,1
유유상종은 과학,1
직장인 5명과,1
5명과,1
공포게임,1
개같은 공포게임,1
단골집이 마님은,1
심연의 화류계,1
1도 안무서운,1
개같은,1
lost 수트댄스,1
심연의 화류계 커뮤니티,1
수트댄스,1
화류계,1
낚시,1
갈테야테야 내돌차,1
sub 배드빌런 언니들,1
finesse tambourine buzzin,1
데스매치,1
가져왔어,1
트리플,1
오브 걸스,1
lee jun,1
spot 온더스팟,1
온더스팟,1
young 이준영,1
예능 불화설,1
유닛이 온다,1
얼빡직캠 몰아보기,1
sub 직캠의,1
체험 직캠의 현장,1
리액션 체험,1
완성은 잘생김,1
오브,1
시작은 비하인드였지만 끝은,1
트리플 유닛 미션,1
55 boynextdoor,1
퍼포 장르 꿀꺽해버린,1
603일의 청춘만화 명재현,1
청춘만화 명재현,1
행복했던 일본활동 jp,1
원도어와의 행복했던 일본활동,1
꿈의 무대로 lollapalooza,1
lollapalooza 어린 시절,1
귀여움 잔치,1
young,1
뉴잭스윙 힙합 모든,1
힙합,1
freestyle dingo freestyle,1
영파씨,1
파이널,1
미션,1
얼려서,1
sung si kyung,1
true,1
lil fantasy vol,1
여행자가,1
chaeyoung shoot firecracker,1
firecracker,1
tw,1
lil,1
fantasy,1
avocado,1
반복해서 듣고,1
요즘,1
현장일기,1
암살자의,1
출근하는 요즘 직장인,1
빤쓰 까고,1
스포,1
말하는,1
listen to lil,1
members got,1
of chaeyoung,1
chaeyoung the,1
피로를 씻어줄,1
플레이리스트 trendy autumn,1
보석함,1
우즈 홍석천의,1
진짜 사나이,1
꽈추형,1
뇌과학자 장동선x비뇨기과,1
할까 사랑말이야,1
찾기 위한 망자의,1
혈투,1
홍석천의 자석함,1
공주님,1
질색하는 쌍게이,1
찾아서,1
김완선,1
리버스 1999,1
헐리웃,1
dance,1
gift exchange,1
riize,1
정복기,1
그랩,1
주무세요,1
쉬고 10000까지,1
켜놓고,1
요코하마,1
쓰레쉬 3인 그랩,1
1일,1
함께하는,1
찔린,1
천 번,1
당일치기 치바,1
두꺼비,1
킬,1
shanghai,1
random gift exchange,1
전성기 어쌔신 크리드,1
gift,1
that,1
재쓰비,1
jaessbee,1
shut,1
방사능 뒤덮인,1
황무지에서,1
taipei rise,1
realize,1
taipei,1
쓰레쉬 3인,1
riize shanghai,1
exchange,1
3인 그랩,1
random,1
쓰레쉬,1
groove,1
노래에,1
wish,1
백은하의 주고받고 lim,1
가게 시뮬레이터,1
셰프,1
임윤아 연기,1
만에,1
lim yoona 폭군의,1
폭군의 셰프,1
배우시대,1
임윤아의,1
가을 그루브,1
알파고를,1
해처리 짓고,1
베니스 안갈수가없다,1
화난 상대의,1
베니스,1
안갈수가없다,1
영화제 주고받고,1
풀꽃시인의,1
반전 입담,1
데이,1
200 아비터로 게임,1
위시,1
청량의 권위자,1
롯데마트 신선지능,1
요즘 많이 들리는,1
런닝피플을 위한,1
듣기,1
좋은,1
듣기 좋은 노래,1
신선지능 한우,1
슬기,1
ep 11 레벨이,1
grade hanwoo beef,1
갈라진 대한민국이,1
야만의 시대 털린,1
봤더니 상대 반응이,1
주고받고 choi hyunwook,1
hyunwook muju film,1
짓고 성큰으로,1
기생수 액션의,1
프로토타입,1
멸종위기사랑,1
몰아듣기,1
이찬혁은,1
wow,1
비비드라라러브,1
돌아버렸어,1
음표부터 빠져들게,1
망자의 마지막,1
업무 음악은,1
중독성,1
autumn chill pop,1
오븐열과,1
가을은,1
우희 오늘 삐뚤어지고,1
액션의 걸작,1
pc방 세대의 전설이,1
전판 지고,1
ok ost,1
감상회 백은하의 주고받고,1
sub 70분,1
or the bastard,1
혹독한 예능,1
앞마당에 대놓고,1
기사 다크소울,1
playbook ost piano,1
playbook,1
사냥하기로,1
nell best,1
scout,1
세계의 멸망을 막고자,1
love,1
ive,1
tale of lady,1
짠한형 ep 111,1
40년 존버한,1
병맛,1
재즈 autumn jazz,1
상상,1
휴식,1
막내들이,1
댓글 부탁해요,1
어텀 재즈,1
잔잔한 템포의,1
무드있는 가을을 위한,1
틀어놓고 편안히 듣는,1
운명,1
playlist 듣기만해도,1
초가을에 듣기 좋은,1
야외 노래방 서인국,1
리듬의 기분좋은,1
들어본 인기 쇼츠,1
번쯤 들어본 인기,1
playlist 선선한 가을,1
실사용템,1
꿈,1
틀어놓고,1
풀코스까지,1
vs 노력,1
노력,1
뭐가 이길까,1
2배속 시청을 상태일까,1
와쨔 와쨔 따라해볼레이,1
2배속,1
뇌는,1
상태일까,1
성격은 타고나는,1
타고나는 걸까,1
성격은,1
걸까 만들어지는,1
걸까,1
왕초보부터 마라톤,1
건강해지는 웰니스,1
71,1
듣자마자 분위기 좋아지는,1
듣기 좋은 차분한,1
이혼숙려캠프 jtbc,1
이시언x서인국x태원석 동생들한테 더럽게,1
못한 얘기 그랬어,1
민호 형이랑,1
통하는 위자료,1
민호,1
알겠습니다 냉정 팩폭도,1
비핵화,1
북미,1
협상 없다,1
요즘 육아 금쪽같은,1
악성루머,1
아이돌 숙소,1
숙소 규칙,1
개와,1
늑대의,1
박하선의 위로에,1
이혼숙려캠프 jtbc 250925,1
지켜볼게요,1
소녀시대부터 아이브까지,1
재즈 jazz,1
리듬의 산뜻하고,1
틀어놔도 질리지 않는,1
playlist 하루종일 틀어놔도,1
미미미누,1
선미 누나랑,1
선미,1
원더걸스 이야기,1
하차,1
피해자들 모음 아는,1
원더걸스,1
냉부해 출연하고 소원,1
냉장고를 부탁해 jtbc,1
소원 성취한 아이돌,1
형이랑,1
따라해볼레이 ep 69,1
구누렁현백니 유병재,1
라미란,1
출시,1
당황한 30대 여성,1
제자리로 워너원 컴백,1
우정잉이 먹어봤습니다,1
엽떡,1
우정잉이,1
워너원,1
가을비가 내리는,1
솔직히 막내는,1
있어,1
꿀빠는 아님,1
막내는,1
꿀빠는,1
알고,1
정우 김이불 이승윤,1
싱그러운 풀내음,1
스웨덴세탁소,1
할머니,1
보자마자 성격,1
11,1
티팬티를 입은,1
아빠가,1
내눈 확신의 얼빠,1
방귀로,1
배우들의 사랑법,1
고백하지마,1
신은수,1
샤이니 민호한테,1
ep 09 nct쟈니,1
여친을 사귀고,1
컬투쇼 영상툰,1
쟈니,1
사귀고 만에,1
싸움 전말까지 실토해버린,1
세븐틴 막냉이의 충격발언과,1
컴백 계획 짜둔,1
인디,1
푸른,1
당신은 어디까지,1
일품인 밴댕이,1
서리태 콩국수,1
깜놀,1
식센즈 일동,1
비주얼 뽐내는,1
일반 만두의 50배,1
먹방 식스센스시티투어,1
카더가든,1
탄산음료까지 금지,1
탄수화물 탄산음료까지,1
관계성,1
있을까,1
12,1
운명같은 대결의 결과는,1
아이돌 아이브의,1
선수와 다시 만난,1
밴댕이 삼합,1
식감이 일품인,1
알고 있나요,1
김준서 고호,1
낭만을,1
한국사 사건편 오디오북,1
마음속에 오랫동안,1
여몽전쟁의,1
수면제,1
만나보세요 미친듯이 잠이,1
탈무드 재밌는 수면제,1
잠이 옵니다,1
누가 잠을 자나,1
있는데 누가 잠을,1
고사성어,1
소금전쟁 오디오북,1
세계사를 뒤흔든,1
지배한 자가 세상을,1
이렇게,1
8회,1
하실거죠 오프리쉬에 강아지를,1
강아지를 죽이기까지,1
미남,1
투마카세,1
좌우놀이에 대한,1
묻다,1
동네야구,1
윤희상에게,1
지금은,1
초보 유튜버,1
파워 연예인 만나고,1
만난 강형욱의 사이다,1
만나고,1
월드컵 사이버윤석민,1
야구선수는 얼굴 보고,1
가을야구보다 치열한,1
응원해주러 갔는데 폭로,1
몰아보기 광주에서 레슨장하는,1
폭로 당했습니다,1
좌우놀이,1
사이버윤석민,1
절경이네요,1
주신 선물이네요,1
추천하는 숨겨진 명당,1
책임자가 추천하는,1
여름의 산타,1
sub 청량,1
어마어마한 가성비,1
가고 싶은,1
사육기지,1
청두,1
밴드돌인,1
신우현의 포부,1
플러팅을 봐도,1
f1,1
정말 신이,1
슈즈오프,1
현아의,1
레슨장하는 동섭이 응원해주러,1
선수 응원가 등장,1
효과,1
모계 전승요,1
괴물,1
기다린 괴물,1
기다린,1
내가 5년을,1
새키들을 진짜 어떡하지,1
실사판 라면 먹방,1
이영애,1
어떡하지,1
진짜 어떡하지,1
라면,1
새키들을 진짜,1
볶음밥,1
이선빈 조아람,1
병맛 볶음밥,1
미란이 삐짐,1
읽으며 뜨개하는,1
먹을래요 플러팅 원조,1
중독성 선수,1
30분 독서,1
응원가는 사이버,1
느좋좋,1
sub 조여정,1
치히로의 행방불명 시작,1
어른들의 느좋좋,1
인생 존버했네,1
구원,1
센과,1
김갑수,1
mt 태원석과,1
소설집,1
상연 보고 도발적인,1
진격의 거인,1
온다,1
닿을 없는,1
15년,1
불꽃축제,1
vs 안읽씹,1
아버지의 비밀,1
잔혹한 집착,1
스캔,1
듣는,1
집착 스캔,1
아래,1
비극을,1
비극,1
ufo의 실체를 밝힌다,1
하늘에서,1
ufo의,1
밝힌다,1
소절부터,1
간장게장에,1
침이 고이는 화사,1
종식하러,1
그늘 아래,1
딸들,1
거침없이하이킥 mbc070508방송,1
사라진 딸들,1
가득한,1
설렘과 웃음으로,1
시험지를 훔치려,1
훔치려,1
했나 그알로 보는,1
아이돌이 하고 싶어,1
했나,1
살인마의 편지,1
해찬,1
화천에서,1
살인마의,1
먹어봤는데요,1
처음 먹어봤는데요,1
두리안을 처음,1
두리안을 처음 먹어봤는데요,1
귀에 꽂히는,1
어버이날 2탄,1
갈테야테야 홍기보러,1
키보드 1개로만하는,1
알려지지 않은,1
터지는,1
리뷰1000개중,1
생존게임,1
극찬,1
999개가,1
지렁이게임,1
가장 어려운 지렁이게임,1
블러드 머니2,1
팝송들,1
후속작,1
소름 하비,1
살아있었음,1
이해리의 읽씹 vs,1
강민경과 잇프피,1
미친 협동게임,1
잔잔하게 여운이,1
거침킥,1
7일차 사람인척,1
mbc070508방송,1
어버이날에 아들이 사고,1
박명수,1
잔잔하게,1
대신 눌러 듣는,1
mbc140719방송,1
무도 무도 재난,1
돼지고기,1
나혼자산다 식탐이,1
위로 플리,1
mbc151016방송,1
지구멸망,1
휴먼 정식출시,1
남는 위로,1
사람인척,1
강나미보이스,1
난리난 928,1
가수입니다 by강남,1
미래에셋자산운용,1
zip 중안부 축소템,1
눈썹,1
똥손대회 눈썹편,1
완벽정복,1
완벽정복 시켜드릴게요,1
숱많은 숱없는,1
배당으로 유혹하는,1
etf리서치본부 최창규,1
절대 신지 마세요,1
etf 치명적,1
해외,1
대왕고래,1
동해가스전 들어올까,1
해외 석유기업,1
최초공개 셀프인테리어,1
신발,1
모공삭제 패드고민,1
모공삭제,1
갓성비,1
아무리,1
매니저한테,1
효린씨,1
미모를,1
숨겨온거죠,1
골드버튼,1
엄정화,1
연락줘,1
누나,1
누나가,1
여행계획 이게맞냐,1
이채영 성수기 ep,1
여행계획,1
아이씨,1
프로미스나인 이채영,1
이게맞냐,1
매니저한테 팩폭 맞고,1
12 성수기,1
미모를 숨겨온거죠,1
양들의 침묵 위저드,1
상반기에 읽은 스토너,1
담은 플리,1
완독해야 넘어가는,1
환상동화 난쟁이 아우구스투스,1
나랑 교환 독서할래,1
10시간 떠드는 교환,1
하염없이 걷고,1
바스커빌가의 사냥개,1
성수기 트레킹 해변,1
현장,1
한국문학팀,1
신간 931248권,1
마감하는 민음사,1
가을방학,1
노래들,1
서울 동네 서점,1
10년 편집자가,1
먼저,1
수다 떠실,1
평균 페이스,1
윈윈정형외과,1
ai시대에 샤머니즘이 떠오른다,1
이채영 친언니와,1
백지헌에게,1
하루 종일 틀어도,1
hip chill 알앤비,1
틀어도 질리지,1
차이,1
인스타그램과,1
맞이할 다이어트의 미래,1
다이어트의,1
꿀플리,1
움직이는 1시간,1
육식맨,1
팟캐스트,1
씨스타,1
퀸가비 ep48,1
pop best 10,1
출신 어그로o,1
버프먹은 불드라는,1
불드라는 신이다,1
불드라는,1
버프먹은,1
75,1
출신,1
호스트바,1
강지영이,1
경주월드,1
무서울 없는,1
어그로o,1
전직,1
경력직 인턴,1
당일치기 이렇게,1
타면,1
조미료 남매 케미,1
버프먹은 불드라는 신이다,1
고백,1
고백 공격,1
풀어본 대기업,1
인도 주행,1
중독성 강한,1
폭발 광주,1
아침,1
시작 sns에서 인기,1
suv 인도,1
리븐으로 2대1,1
갱승,1
인기 있는 음악,1
리븐으로,1
인기,1
해버렸습니다,1
고백 공격 딱대,1
커피와,1
공격,1
남친,1
힐링하러,1
스타일링,1
프로미스나인 이채영이,1
퀸가비 ep51,1
해외축구,1
sub 모태솔로지만,1
박나래 미담,1
퀸가비 ep50,1
디바마을 퀸가비,1
무섭대서 다시 찍어봤어,1
sub 사람들이,1
풀충전,1
아야진 해변 무신사,1
요트 투어,1
record ep4,1
뷰티 페스타,1
퀸가비 ep49,1
한의원,1
사이에서,1
해축 손흥민,1
해외축구 프리미어리그,1
쿨톤 호소인 이채영,1
컬러 진단 받고,1
남친 사귀면,1
절교할 거라는,1
함께한,1
썰툰,1
총결산,1
틱톡커 참교육,1
보기 영상툰 썰툰,1
명품,1
사진 도용해 오픈채팅에서,1
참교육 영상툰,1
다니는 베프,1
몰래 짝퉁이랑,1
바꿔치기 진상 참교육,1
강지영과 함께한,1
쇼핑까지 flex하고 왔습니다,1
citypop,1
스월파,1
빠져드는 일본,1
한능검,1
100 드립니다 중간광고없음,1
시원한 여름 보내는,1
fantasia 허용별 이무진,1
kocca music 유튜브,1
구시다 신사,1
쿠스 휴게소 히타,1
히타 마메다마치,1
규카츠,1
공시생 vlog ep,1
우동 라꼴토 젤라또,1
판타지아,1
전쟁 선포 스파르타,1
지킬 가창력,1
클립 허용별,1
고민중독,1
스파르타,1
summer jazz instrumental,1
카페음악 매장음악,1
뉴욕에서 출근중 신나는,1
jazz 중간광고없음,1
좋쥬,1
재즈플리,1
설렘 가득한 가을,1
하이라이트 첫눈에 반하기,1
가을아 빨리와,1
instrumental music,1
싫지만 재즈는,1
재즈는 듣고 싶어,1
중간광고없음 morning jazz,1
기분,1
듣자마자 기분,1
라이브 여행 26,1
jazz,1
중간광고없음 fresh,1
규빈과 떠나는 감성,1
규빈 너에게,1
직장병행 검찰직,1
아이키 본업,1
직접 들어보는 신제품,1
만 원,1
메타전자,1
회사가 장난이야 메타전자,1
장난이야 메타전자,1
회사가 장난이야,1
회사가,1
향수 브랜드,1
만나고 왔습니다 최애,1
잠과 사투하는,1
킬리안의 창립자에게 직접,1
드레스룸,1
갈테야테야,1
7년차 쇼호스트는,1
스킨케어 찐템 소개할게요,1
최초 킬리안 파리,1
갈테야,1
쏜다,1
곽범,1
민생회복조훈금,1
사러 갈테야,1
하루하루 한능검 준비,1
하루일기 논리추론하다,1
논리추론하다 넘어가기 직전,1
지옥방 호캉스,1
천국방,1
지옥방,1
메몇메 호캉스 여행,1
메몇메 호캉스,1
호캉스 여행,1
민생회복조훈금 하루 탕진,1
탕진,1
민생회복조훈금 하루,1
귀신,1
랑콤까지 리뷰 찍다가,1
뷰티,1
autumn jazz 중간광고없음,1
중간광고없음,1
25시 jtbc,1
플라잉요가 2편,1
shin seung hun,1
위대한 왕자 2편,1
clock ep124,1
2편 나도,1
완벽해,1
엔하이픈 en clock,1
위대한 왕자,1
clock ep122,1
설레는,1
2편 해먹을,1
mz샷,1
없는지 모릅니다 enhypen,1
매력,1
배우 김영대의 일상,1
김영대 mbc231028방송,1
비주얼에 감춰진,1
enhypen,1
두시탈출 컬투쇼,1
mix 두시탈출 컬투쇼,1
japan summer,1
라이딩,1
잠수교 패닝샷,1
나혼자 탄다,1
시티팝,1
live 신승훈,1
탄다 고독한,1
자랑 아이키 엄마와,1
엄마와 진지한 고민,1
연우,1
선물은 초딩,1
근황 연애중,1
edition,1
enhypen 엔하이픈,1
비하인드 enhypen,1
line in japan,1
시절,1
mbc160930방송,1
신인감독으로 돌아오는,1
비법은,1
케미공작소,1
착한 여자 부세미,1
둘이 손잡고 익산,1
손잡고 익산 산책,1
물러나지,1
울음에 빠뜨린,1
지나친 간섭도 아버지,1
찬란하게,1
항공캠4k,1
아버지 말이라면,1
역대급 파파보이 남편,1
inkigayo 250921,1
sky cam sbs,1
우리들의 발라드 이지훈,1
해바라기,1
놓치지 않을 거예요,1
피부 관리,1
있는 이적 서울가요제,1
이의제기 금지,1
순서 상관 없다는,1
즐기는 한강의 다리들,1
한강의 다리들,1
가을의 시작을 알린,1
엠뚜루마뚜루,1
mbc250923방송,1
즐기는,1
살아가는 방법,1
보는 라디오 두시탈출,1
진심을 담은 멜로디,1
기대작 드라마,1
스위트홈 오디션,1
소연답게,1
박지현,1
김고은,1
상습범,1
아침 커피와,1
메들리 가수입니다,1
꿀팁 소스 대공개,1
안현모,1
늙달리,1
이동진,1
최고령 유저 모셨습니다,1
모음집 궤도,1
유저,1
직장인 와우저가,1
또렌드대탐험,1
강해졌는지,1
초고도비만 다이어터들의 걸스나잇,1
간질간질해지는 smooth,1
초고도비만 다이어터들의,1
다이어터들의 걸스나잇,1
초고도비만,1
다이어터들의,1
와우저가 와우를,1
9월 16일은 멕시코의,1
이웃나라 ep9 스페인,1
지배와 멕시코 독립의,1
멕시코독립 lifeplus,1
외부인,1
태국 lifeplus,1
외부인 출입금지,1
출입금지,1
끝까지 몰아보기,1
캄보디아 국경,1
제임스 카메론,1
터미널리스트,1
다크울프,1
전세계에 있는 2800가지,1
2화 제임스 카메론,1
궤도 안현모 이동진,1
흥행의 라플위클리,1
마음속에,1
라멘에 대해 알아보겠습니다,1
월드오브워크래프트,1
패치로,1
분석한 정보들이 가득했다,1
혀를 내둘렀습니다,1
돈키호테가,1
불황에서,1
큐레이터,1
네팔의,1
아시아에 번지고 있습니다,1
비교문화연구소,1
선조의 사랑,1
간질간질해지는,1
키티어버,1
재원쌤,1
외국인들도,1
미국이 쇠사슬로,1
한국인 317명,1
연기 천재를 모셨습니다,1
후배들에게,1
인맥,1
연기 천재를,1
과학동아,1
총알 대신,1
드론을,1
로그라이크 메이플,1
눈물뿐인,1
minsu,1
일주일 다이어트,1
캠프,1
안무 연습,1
최초 공개,1
입틀막주의,1
엄빠라는,1
부모님,1
천재를 모셨습니다,1
편의점,1
맛있는 태국,1
망했다 프랑스,1
복지 망했다,1
전쟁,1
휴양지에서 전쟁 태국과,1
재정,1
가질 수 있을까,1
머무는 노래,1
난리난,1
꿀피부,1
아마존,1
관상가 둘째 가질,1
둘째,1
둘째 가질 있을까요,1
소고기집,1
안녕 이석훈,1
화제의 소고기집,1
ceo를 모셨습니다,1
화제의,1
끝난 준범이 생일파티,1
준범이,1
웃다가 끝난,1
웃다가,1
관상가,1
40년간,1
40년간 잠을,1
40년간 잠을 사람,1
by강남,1
지하철 친구,1
부부,1
다이어트 코칭,1
카니,1
김장 파티,1
사랑하는,1
네크,1
시술,1
홈트,1
관리데이,1
여배우,1
속도,1
여배우 홍현희의,1
잠을,1
송중기x천우희,1
바바리안,1
나를,1
먹기만,1
직접,1
위대한,1
닭볶음탕,1
뉴욕타임스,1
치즈,1
베스트셀러 선정되고,1
원작,1
아프다더니,1
해외에서 난리난,1
정보들이 가득했다,1
하니 반반죽,1
혼밥회식,1
먹는 컵라면,1
슈퍼 마리오,1
천우희 클럽썰,1
웃소,1
디투 아빠된,1
남편 찾기,1
익명 카톡방에서,1
뜻밖의 결과,1
있다면 여름날,1
산독기 독기야 독기,1
잔잔하게 마음속에,1
독기 풀충전한,1
아들 태래랑,1
술자리 은근,1
요즘 느낌의 여돌,1
썰플리 nct ten,1
자리부터 남다른 새내기,1
이렇게 하면 오늘부터,1
터지는 연애썰 동국대,1
요즘 mz의 도파민,1
연애상담소,1
러시아,1
스파이,1
사랑받는 이유,1
코노미,1
국제결혼으로 난리,1
아시아티크 나들이,1
4와 판타스틱 4의,1
camp channel,1
taste,1
606,1
606 ep,1
나들이,1
싱잉 쇼핑,1
mbti,1
lookbook,1
뚫리는 기분이에요 jungwoo,1
pick 조미료 남매,1
기분이에요 jungwoo,1
2026 gommino,1
t야,1
entj infp estp,1
tod men,1
슈스케 top,1
비하인드 레전드,1
저스디스,1
동아리박람회,1
아이브 모시고 아이브,1
오분순삭 mbc071110방송,1
하와수 라이브,1
노래 커버,1
존트럴파크,1
홍콩,1
진짜사나이 무한도전,1
happy,1
불러봤습니다,1
버스타고,1
together,1
나는 무료로 버스타고,1
2학기,1
2025학년도,1
국립경국대학교 동아리박람회,1
summer 2026,1
시구 비하인드,1
홍대의,1
학교,1
순간,1
정용화 ugly,1
괜찮아,1
sns에서 주목받는 순간,1
sns에서,1
질문,1
이상한 선배,1
누가,1
스테이크,1
싫어함,1
트렌디한,1
인스타,1
소셜미디어,1
월급,1
사라짐,1
커피와 시작하는 2025년,1
선공개 지훈,1
앞바다 카페,1
엘피룸2 ep 02,1
음악,1
mystery,1
autumn lookbook,1
촬영 돌아가시게 만든,1
공개 nana,1
국립경국대학교 gknu,1
autumn,1
월요일,1
출근길을,1
청하 또또의,1
속옷 챙겨줬던,1
엘피룸2 ep,1
플레이리스트 정용화의,1
종결 playlist,1
지훈의,1
월요일 출근길을,1
박명수 씨와 인터뷰,1
팀버튼과,1
웬즈데이,1
몰랐어요 국립생태원 자연명소,1
외국인이,1
카니를,1
등장 아이브 리즈,1
xoxz 카니를,1
스페셜 en,1
찾아서 스페셜,1
50,1
해산물 먹방까지,1
스몰톡,1
봄꽃명소,1
촬영,1
제주 서울 축제,1
진심인 무도,1
에디터 촬영 편집,1
43선 제주 서울,1
계약에 진심인,1
취직하면,1
생기는 카니를 찾아서,1
노포이용주2기,1
축구,1
연기,1
편하다는 사람들의,1
남편 vs 엄마,1
6시에,1
있는 편하다는,1
사과할 아는,1
아는 부모를 만나는,1
1부,1
급습해서,1
붓기템,1
찐친구,1
액티비티 바다수영,1
연예인,1
며느리,1
외국인이 한국 회사에,1
맛집 18곳,1
mbc090411방송,1
제주 유명 흑돼지,1
양조장으로 바꾸자,1
오분순삭 mbc211203방송,1
기안84가 쏘아올린 대호네,1
사귄지 100일,1
이벤트 흙심인대호,1
흙심인대호 18화,1
장도연,1
엄마표 집밥,1
워크샵,1
mbc071110방송,1
코쿤,1
크러쉬,1
협업,1
이세희,1
동해,1
휴가,1
싶었어요 박나래,1
커밍 흙심인대호 티저,1
맛집 38곳,1
싱거워서 키의 손맛을,1
완벽정리 평점 리뷰,1
2월 제주여행,1
부러운 겨울 제주,1
동백꽃 겨울바다 감귤,1
무도 김치전 언급,1
오션뷰카페 일몰,1
종결편 아픔을 개그로,1
동생 이장우의,1
전문이야 뭐든 잘해,1
20화 예고 장우가,1
오분순삭 mbc091121방송,1
꼰대부장,1
퇴근해 나불대러,1
존버당 쩌리짱 김치전,1
흙심인대호 19화,1
en 대중의 눈이,1
이준석,1
여름은,1
잘못된 템플스테이,1
아이유랑 땡땡이치고,1
땡땡이치고 팬밋업,1
예의,1
예의 있게,1
행동해 이석훈,1
행동해,1
잘못된,1
템플스테이,1
도대체 이거프로그램 제목이뭐야,1
아이유랑 땡땡이치고 팬밋업,1
이거프로그램 제목이뭐야,1
도대체 이거프로그램,1
도대체,1
제목이뭐야,1
행복팡 해외탐방,1
웃음팡 행복팡,1
해외탐방,1
심은 나서,1
팬밋업,1
땡땡이치고,1
highlight 유퀴즈온더블럭,1
감독 어쩔수가없다 촬영,1
mz 세대 종교인들,1
유퀴즈온더블럭 you,1
카페까지 장착한 mz,1
어린이 도슨트 highlight,1
영어 설명도 문제없는,1
비하인드 유퀴즈온더블럭,1
어쩔수가없다,1
배우들도 긴장시킨 박찬욱,1
you quiz on,1
토크쇼 딱대,1
공동경비구역 jsa 대본을,1
block ep 312,1
tvn 250924 방송,1
노래방,1
문상훈이랑 땡땡이치고,1
양꼬치 낮술 노래방,1
vs 살찐이,1
연진이,1
콩,1
맛따라 먹따라,1
요한이따라,1
keiju 케이주,1
항소해,1
kickflip kyehoon,1
불러보는 노래 move,1
kyehoon 계훈 처음,1
계훈 처음 불러보는,1
to performance 4k,1
minje 민제 처음,1
kickflip keiju,1
to performance kickflip,1
봐야하는영화 1위,1
노래 4k,1
불러보는 노래,1
비밀이지만 kickflip,1
컴백쇼 my first,1
입덕직캠 킥플립,1
직캠 4k 악몽을,1
세븐틴인,1
보면서 울기 박서함,1
꼬우면 항소해,1
127년 꼬우면,1
127년,1
127년 꼬우면 항소해,1
와글와글,1
어쩔수없이,1
짜증의 권위자,1
얘기,1
외에 얘기 금지,1
얘기 금지,1
외에 얘기,1
딸이 어디가 좋나,1
딸이 어디가,1
어디가 좋나,1
딸이,1
엄마 그렇게 쓰는,1
쓰는 아니라니까,1
쓰는,1
아니라니까,1
퇴근,1
운동,1
highlight,1
영화 어쩔수가없다 25년,1
남자의 조건,1
비즈니스,1
미국집들,1
한국인은 줘도,1
힘들것,1
힘들것 같은,1
3시간,1
타코,1
멕시코가서,1
미국에 비즈니스 출장을,1
출장을 가다,1
가도가도 나오지,1
출장을,1
미국에,1
잘쉬는 여성,1
시차가 뒤틀려도,1
잘쉬는,1
뒤틀려도,1
예쁘다,1
너무 예쁘다 예진아,1
나오지 않는,1
목적지를,1
거장 박찬욱과,1
왔다가 구워질,1
9회 하이라이트 뉴콤비,1
하성운,1
이를 악물며 이채연,1
많다,1
어금니,1
장동윤,1
장동윤 엄태구,1
참숯가마,1
비행기 정비사,1
가도가도,1
대신 빡세게 대타,1
특별편 2대 mc,1
mc,1
신예은 단순노동,1
헤어,1
탈모,1
헤어 나올 없는,1
않는,1
손예진 레시피,1
당근 오븐 구이,1
최초로 손예진이 포장해,1
살까요 말까요,1
포렌식,1
역대급 폭로전,1
김진우,1
고민상담소,1
해결해드립니다,1
주우재의,1
들어주고,1
젊은이들은 말차,1
패션 아이템 골라주러,1
레시피 민어,1
주우재만의 트렌드는,1
패션 트렌드,1
냅다,1
피스타치오잼,1
누텔라 로투스 크리미온,1
로투스 크리미온 칼디,1
마시멜로,1
대배우 이병헌,1
가능한,1
en id cn,1
수강신청 전과자,1
홍대,1
6시간만 놀고,1
6시간만,1
놀고 서울,1
정화야 승환이,1
기강 잡아줘,1
기강,1
잡아줘,1
정화야,1
개큰호감,1
큰웃음,1
요정재형,1
코미디언,1
항공경영학과,1
컬리 1위,1
최저가 오픈,1
백호,1
600원어치 700원으로,1
한유진,1
최애에게 환승연애,1
병재랑 쓸거니까,1
1등 맛집,1
클립 칵테일,1
완료,1
재희 이무진 nct,1
나비소녀 don go,1
클립 나비소녀 don,1
간절한입,1
jp 퇴근 직후,1
평택,1
맛집 또간집,1
jin,1
박재범 복근 흠뻑쇼,1
버틴 박재범,1
닭가슴살만 먹고,1
곱창맛집가서 라면,1
빵집 풍자가,1
대전 성심당도 이긴,1
이긴 전라도,1
또간집 ep 84,1
스테이씨 세은 이무진,1
무서워 민주의 핑크,1
고려대 vs 연세대,1
250925 방송,1
vs 연고전,1
사연 n수의 71화,1
강사가 모태 솔로의,1
강사 윤성훈,1
메가스터디 사회 영역,1
있는지,1
종합 학원에서 학생들,1
가스라이팅했어요 파주에,1
kids 스트레이,1
토끼 끝이 보이지,1
mnet 250925 방송,1
907 mnet,1
엠카마블 특집,1
특집 nmixx,1
nmixx 엔믹스,1
특집 nct dream,1
아기 토끼,1
리얼템 빙빙이 너무,1
여수,1
여수 다시,1
디즈니랜드,1
와서,1
골든 부르고,1
혼문에 찧인 소녀시대,1
소녀시대가,1
07,1
2세대인데,1
구독자집,1
남의 집에,1
습격하고 왔습니다,1
거야,1
다녀,1
야한,1
후기,1
서울가요제 후기,1
난장판 콘텐츠,1
경연 대회,1
채널은 빌려줄게,1
방송 비밀보장에서,1
비보는 필터링이라는 없나요,1
만나면 반갑다고,1
08,1
소녀시대 앞에선,1
카리나,1
인생만두,1
뺏긴,1
명절마다,1
제1회 아육대,1
워렌버핏,1
주식,1
주식 거부한,1
거부한 대니얼,1
대니얼,1
스트레이,1
물어봤다,1
박진영한테,1
불만있는지 물어봤다,1
키즈한테,1
효리수 데뷔 임박,1
때도 됐잖아 ft,1
가짜 김효연 ep,1
고연전,1
고려대,1
도경수,1
으스스한 백반,1
털고 ft,1
잔치국수,1
먹방대결,1
많이 먹기,1
할리 타고 불꽃,1
김꽃두레와 빵에,1
햄버거,1
야차룰,1
곽재식 작가,1
동네스타k쇼 ep 17,1
feat 하승진,1
치킨에,1
생맥주 뜯기,1
흘러가는 대로 가보자,1
see,1
안젤라 그냥,1
play,1
4k,1
키스 현커,1
없어도 입장시켜드립니다 ft,1
sub 발표,1
알디원 데뷔,1
해봤다,1
잡아먹는 테토녀,1
송하영,1
티내기 카더가든,1
도영 셀폰kode,1
nct 아닌,1
하기 vs 5억,1
데뷔,1
비하인드 싹다 풀고,1
보컬차력쇼 보면,1
축하 이상원,1
최종커플,1
근황 털고감 ft,1
지수,1
승리 현규,1
골든 라이브,1
골든,1
동네스타k쇼 ep 19,1
국카스텐,1
4k 국카스텐,1
color live,1
idid 아이딧,1
프랑스 철학자,1
사르트르의 자유분방하고,1
문제아들 problem child,1
파격적인 결혼,1
head,1
toes 4k,1
투어스,1
studio choom original,1
아이딧 제멋대로,1
teaser,1
투어스 head,1
knees toes,1
4k studio choom,1
choom,1
yuqi 우기,1
콘서트 티켓 드릴게요,1
발표 잘하면 콘서트,1
izna 멤버분들,1
kbs 250925 방송,1
커플에서 실제 연인으로,1
옥탑방의 문제아들 problem,1
태영의 설레는,1
eres teaser,1
eres,1
에이스 ace,1
you,1
한만청 han,1
한만청,1
han man,1
십분클립,1
교도관,1
286회 예고 김숙의,1
house kbs 방송,1
김숙의 남편 윤정수,1
썸남 구본승,1
옥탑방의,1
유진이 태영과의,1
계기는 옥탑방의 문제아들,1
kbs 250925,1
뉴콤비,1
마음을,1
수상한 태구씨,1
모발,1
눈알,1
빠지는 게임,1
눈알 빠지는,1
병재,1
만들기,1
요청,1
틀린그림찾기 모발 000모빵,1
틀린그림찾기 모발,1
모발 000모빵,1
낉여오너라,1
매운새우깡을 먹지,1
매운새우깡을,1
갈매기는,1
먹지 않는다,1
먹지,1
10분,1
10분 안에,1
노래 제목퀴즈,1
여행을 낉여오너라,1
고향 여행을,1
4월,1
다독다독,1
면담,1
대표님,1
차은우의 웃으면,1
쿠키,1
무공해 이해는,1
이해는 가도 공감합니다,1
이해는 가도,1
가비 찰스엔터,1
오랜만,1
고향,1
다독다독 ep,1
독서감상회,1
나는 아이돌이라고,1
해서,1
무공해 사연이든,1
사연이든,1
공감할,1
고향 여행을 낉여오너라,1
sub 보넥도랑,1
제목퀴즈,1
풀버전 귀성길에 들으세요,1
양경원,1
잠자리 일정,1
카톡으로 잠자리,1
말이 부담으로,1
37 en,1
서운한 연애,1
나만 서운한,1
영업중ep 36,1
김호령보다 김호령인데,1
키움,1
풀버전 귀성길에,1
무실점,1
24일,1
올러 13k,1
vs 키움,1
히어로즈,1
당사자 반응,1
박찬호,1
12년어치 박찬호,1
38,1
오빠,1
남자의,1
생기는 영업중ep,1
풀버전,1
귀성길에 들으세요,1
귀성길에,1
경진대회,1
1회 사업 경진대회,1
사업 경진대회,1
사업,1
참기,1
불혹맞이,1
유혹 월드컵,1
기념일,1
진짜 기념일 맞히기,1
기념일 맞히기,1
34살,1
40,1
8살,1
남자의 승부욕을 자극시키면,1
정해드림,1
4월 점심메뉴,1
엄태구가 매일,1
살다살다,1
싫어,1
무딱싫 무서운,1
진짜루,1
너의 목소리가 보여,1
너의 목소리가,1
목소리가 보여,1
목소리가,1
너의,1
무공해 살다살다,1
무공해 강하늘이랑,1
별걸 공감합니다,1
짐미조,1
영업,1
닫고 서로,1
트리플에스,1
김유연,1
자장가,1
무공해 백현이랑,1
강하늘이랑,1
꿀잼 100,1
점심메뉴,1
웃으면 안되는,1
김고은이랑,1
험한 것이,1
가사보고 노래 맞히기,1
근데 운전은 로이킴이,1
운전은 로이킴이,1
로이킴이,1
근데 운전은,1
키랑,1
궤도의 드는,1
스웃파,1
궤도의,1
솔직히 진짜,1
자꾸 시킴,1
싫은디,1
무공해 퇴사마려운,1
직장인분들과도 공감합니다,1
퇴사마려운,1
애드립,1
무조건 공감합니다,1
사이,1
편집하는 사이,1
상태,1
해도해도 너무하지만,1
무공해 해도해도,1
너무하지만 공감합니다,1
팬미팅,1
안되는 팬미팅,1
얘네,1
갈등,1
운다,1
예언,1
유행이 지난,1
예측,1
무공해 그런진 몰라도,1
몰라도 공감합니다,1
그런진,1
쓸쓸하지 않은,1
제주도 여행,1
승부욕,1
승부욕 없다고,1
아이유의 웃으면,1
단독,1
출연,1
sub 보이넥스트도어와,1
유행이,1
편집하는,1
특집,1
풀어봤습니다,1
수학,1
6모 특집,1
이과,1
안되는 야구중계,1
나도,1
쿠로미,1
나도 쿠로미 알아,1
나도 쿠로미,1
쿠로미 알아,1
거짓말 라디오쇼 구라디오,1
라디오쇼,1
sub 보이넥스트도어와 틀린그림찾기,1
보이넥스트도어와 틀린그림찾기,1
나무위키,1
나무위키 읽어봤습니다,1
읽어봤습니다,1
ep 86,1
신은 핑계고,1
ep 88,1
연기의 신은,1
회복은 핑계고,1
회복은,1
원기,1
동문은 핑계고,1
동문은,1
85,1
곳은,1
생일잔치는 핑계고,1
생일잔치는,1
84,1
재회는 핑계고,1
재회는,1
아저씨의 웃음 코드,1
웃음,1
아저씨의 웃음,1
타고,1
요거트,1
차정원 인턴 출근합니다,1
결혼에,1
ssg랜더스,1
하이라이트 2025 신한,1
삼성,1
삼성 kbo 리그,1
탄생 삼성 디아즈의,1
타자의 탄생,1
49홈런 150타점 25,1
곽튜브,1
독일,1
물가,1
집주인 없이,1
그집에서,1
미대생으로,1
비밀코스,1
바이크 투어,1
오랫동안,1
충격적인,1
불가리아,1
웃음 코드,1
아저씨의,1
진정한 자유,1
걸으면 생기는,1
카리나 vs 주주,1
100시간 공항에서,1
100시간,1
공항에서,1
살면 생기는,1
기차는 돈값,1
기차는,1
30일,1
30일 100만,1
거인의 모든,1
식당은 돈값,1
7일 전투식량만,1
전투식량만,1
먹으면 생기는,1
먹으면,1
민규,1
내가 ep 109,1
미방분 엄태구가,1
주우재 몰카,1
워터밤,1
투컷,1
사회실험 잘생겼지만,1
살펴보기,1
이베이에서 파는,1
물건들 살펴보기,1
정체를 없는,1
없는 물건들,1
정체를,1
롯데팬,1
하하와 동생들 feat,1
13 롯데 이겼다,1
13,1
기괴한,1
박뚜기가,1
소맥18병,1
얼마가 나올까,1
신촌 맛집,1
인기없는,1
연예인이 쳐다본다면,1
kbo리그 kbo tving,1
lg트윈스 vs,1
2025 신한,1
전기없이,1
시랜드,1
런던,1
추천,1
요리만,1
트러플,1
이탈리아 정통,1
파브리,1
찾기 이탈리아5,1
작동하는,1
보다,1
이유 살아남았을까,1
영원한 논쟁,1
목이,1
생명체 흔적 발견,1
화성에서,1
외계,1
뚫을 없었던 이유,1
역사를,1
제일,1
작은 나라 가보기,1
체험해보기,1
많은 정글리아,1
차정원,1
차정원 인턴,1
인턴 출근합니다,1
박정민 하루에 거짓말,1
하루에 거짓말,1
박정민 하루에,1
부산국제록페스티벌,1
페퍼로니,1
피자 2025,1
ft 이승윤,1
언티와 가드니의 레모네이드,1
레모네이드,1
언티와 가드니의,1
가드니의 레모네이드,1
가드니의,1
정글리아,1
오키나와,1
베트남을,1
건너지 못하는 미스터리한,1
kbo리그 kbo,1
어리둥절,1
라이 타망 숨소리도,1
12시간,1
히치하이킹하는,1
12시간 굶고,1
50세,1
소원,1
천방지축,1
ft 돈생,1
놀러,1
정체,1
럭키비키,1
회전초밥,1
내려오는 삿포로,1
삼성 무해설 버전,1
삼성라이온즈파크를 가득 채운,1
디아즈가 새로운 역사를,1
삼진제약 야구,1
함성 25 크보모먼트,1
남산의 명물 돈가스,1
9분만에,1
식사 완료 어서와한국은처음이지,1
퐁당빠진 소년들,1
과학을 보다,1
장벽의,1
축전영상,1
마라톤은,1
챌린지 서울,1
어서와신속배달,1
어서와한국은처음이지 mbcevery1,1
기안84의 소년들,1
난생 한국 여행기,1
타망 난생,1
타망,1
가수의,1
vs 한국 결말은,1
소년들,1
소년들 어서와한국은처음이지,1
시티 뷰에 퐁당빠진,1
타망의 소원 난생,1
2pm 장우영의 토크,1
댓글 예쁘게 달아줘,1
종결,1
세계,1
동네에서,1
유령도시 탐험하기,1
버려진 방사능,1
범죄 장소 전국일주,1
전국일주,1
범죄,1
망한 유령도시,1
크게 망한,1
슬럼가,1
란더노티카,1
슬럼가 탐험하기,1
오랜만에,1
일상,1
굿바이,1
일상 여름,1
연애는 하고,1
승헌,1
스위스 여행,1
위험한 동네에서,1
하기,1
교보문고는 맛이구나,1
신천지,1
내가 있을까,1
2025년 9월 24일,1
2025년 9월 23일,1
오늘은 누군가의,1
9월 22일,1
생일이다,1
외노자,1
진짜 개어지러운,1
신도 명씩 탈출시키는,1
쳐먹으라고 충고하는,1
탈출시키는 미친 빌런,1
짤려버린 상상을 초월하는,1
근황 레전드,1
일찍 출근했다가 사장이랑,1
공익갤러리,1
배민,1
아까운 미친 배민,1
레전드 1점도 주기,1
찰수다,1
ep chi jp,1
마크야,1
찾아온,1
가발,1
노래실력,1
가장 후회되는 일은,1
이준석의 속마음,1
윤석열,1
털어놓는,1
대선후보 김문수가,1
최초로,1
홍진경을 찾아온,1
90만 유튜버 찰스의,1
대선 후보 이재명,1
3명의 대선 후보,1
한화에,1
한화에 남을,1
연애 스토리,1
러브레터,1
독수리,1
부녀회,1
대통령 선거날,1
옷의 진실,1
드릴게요,1
최우준 목사,1
유튜버 찰스의,1
90만 유튜버,1
찰스의,1
무당,1
7편,1
서울평안교회,1
라이프교회 서울평안교회 서울평안교회,1
서울평안교회 seoulpeacechurch,1
서울평안교회 서울평안교회,1
주일예배 18,1
예수님께서,1
라이프교회 주일예배,1
하나님,1
공동체,1
24,1
마태복음,1
부르시고 보내시다,1
교보문고는,1
일본 귀신,1
형수님 정용검 박지영,1
창자빠지게 놀기,1
한강,1
가다,1
단톡에 실수로 19금,1
단톡에,1
19금,1
포스트,1
보낸썰,1
놀기,1
찜질방 리모델링기념,1
귀신의집 금지된,1
창자빠지게,1
힘든,1
100만 훔치는 마인크래프트,1
훔치는 마인크래프트,1
100만 훔치는,1
용사라면 정도는,1
용사라면,1
정도는 써줘야지,1
여장,1
금지된,1
공포실화 실제,1
연프 광인 이은지가,1
곽범 델고 퍼스널,1
퍼스널,1
해주는 이야기 쌩초면이지만,1
토크와,1
이은지,1
임수정,1
드라마 월드컵 이은지,1
쌩초면이지만,1
특집 쌩초면이지만,1
금지된 학교축제,1
의정부는 가고 싶어,1
ive 아이브 xoxz,1
유진이랑,1
feat 지락실,1
놀다 호캉스 feat,1
롯데월드,1
귀신의집 금지된 학교축제,1
학교축제,1
아무 문제 없군,1
문제 없군,1
music,1
캐비 가서 헌팅,1
맞으면서 마라탕 먹방,1
마라탕 먹방,1
맞으면서 마라탕,1
빡쳤던 풀기,1
동생이랑 서로에게,1
빡쳤던,1
풀기,1
헌팅 당하는 브이로그,1
캐비,1
ah,1
밤마다 할아버지가,1
2층집,1
도시괴담,1
마스크를 아시나요,1
마스크를,1
추억의,1
엘레베이터,1
귀신 애기 엄마,1
회피형의 회피형,1
21년차,1
회피형,1
풀면서 메이크업,1
캄파넬라 music,1
캄파넬라,1
studio,1
빙수를 먹고,1
여자친구는,1
빙수를,1
무죄,1
music video cover,1
9화 에필로그,1
다정히 이름을 부르면,1
찌질이 9화,1
부르면 방구석 찌질이,1
웹드라마 비하인드,1
걸어서 바다,1
보러가는,1
2일동안 걸어서,1
메이크업,1
와이빠 키카에,1
골프 대결,1
아기 강아지가,1
소방수 고우석,1
좋은날부동산 010 2966,1
신창중학교 복원한 영상,1
2부 다산,1
010 2966,1
010 2966 2652,1
월남에서,1
밀수,1
소방수,1
고우석,1
합격 스토리를,1
김광현,1
요즘 감성 그게,1
mz샷 그거 하는,1
감성 그게 뭔데,1
md 화보 촬영기,1
랜더스 덕캠,1
12k를 기록했다고 하는데,1
하는데,1
샘과함께 14,1
인터뷰 케임브리지 대학에서,1
일반인커버,1
학생관리를,1
케임브리지 옥스퍼드,1
옥스퍼드 임페리얼 lse,1
준비 25년이상 수업,1
옥스퍼드,1
수업 컨설팅,1
합격을 했는지 합격비법,1
케임브리지 박사 한영호,1
알려드림 25년이상 수업,1
파운데이션 보다 level,1
가장 경쟁률이 높은,1
해오신 케임브리지,1
수업,1
컨설팅,1
경제학과 입학에 tmua,1
최상위권 경제학과,1
케임브리지 박사,1
시험의 중요성 25년이상,1
학부모님 인터뷰,1
덕캠,1
탈삼진 행진,1
투런포까지,1
한석규,1
만두를 먹음,1
송일국이 영원히,1
문소리의 현실적인,1
복불복,1
부수는,1
결혼은,1
시의원과 협상하는,1
신사장프로젝트 선거에서,1
망나니,1
23,1
가을 플레이리스트,1
오랜 여름아,1
헬스장,1
헬스장 전용,1
플레이리스트 playlist,1
듣기 좋은,1
계속,1
여름은 플리로,1
도쿄,1
신과,1
신의,1
여자,1
입단 기념 세족식,1
신인 납치,1
요셉의 입단,1
민준,1
덕캠 21,1
홈을 밟을,1
21,1
역수출 선수,1
메이저 리그 스카우트,1
감독,1
그대 먼저 헤어지자,1
재계약 할까,1
감독 감독 대행,1
리그,1
외국인 선수,1
외국인 선수는,1
이제 헤어져,1
케임브리지,1
air feat 로꼬,1
이글스,1
바쿠 남자 싱글,1
대권 우리가,1
24일 롯데전,1
9월24일 롯데전,1
밀어주세요,1
9월23일,1
두산전,1
공기만,1
피겨 스케이팅,1
그랑프리,1
남았습니다 9월25일,1
exogenesis symphony,1
주혜원 쇼트,1
쇼트 czardas 습츠,1
서민규 쇼트 czardas,1
쇼트,1
80년대,1
노름꾼으로,1
야구장의,1
삼성이 쓴다,1
키움전 하이라이트,1
블루,1
쿠거씨와뱀씨,1
한화팬에게,1
우승 공약 배터리,1
꿈나무 30명에게 푸파당한,1
30명에게 푸파당한 식당,1
아웃송,1
고양이,1
추천추천추천추천추천추천추천추천추천추천,1
고양이 고양이시뮬레이션,1
슬라임계,1
9월25일,1
추모 피구즈,1
iovouxeon 님무영공,1
즈추모 즈모집,1
님무영공,1
랜덤플레이댄스,1
랜덤플레이댄스 랜플 랜덤플레이댄스,1
랜플,1
우리반을 위한,1
추억,1
마술하며,1
22년,1
분석부터,1
알려주는,1
수학공부,1
대치동,1
선행,1
입시안,1
사춘기병,1
사춘기병 치료까지,1
2032,1
rap,1
국가고시로 고통받는,1
개코 래퍼가,1
직장인 노래방커버,1
lalala 오케이션,1
rap cover,1
dok2 빈지노,1
quiett dok2,1
래퍼가,1
되고싶은,1
조혜련,1
득점왕,1
커피 내기,1
하남자들,1
국가고시로,1
후에도,1
구강관리,1
알려드림,1
양치하는데도,1
125kg,1
편식을,1
우상향 유지하는,1
꾸준히,1
78년생,1
치과의사 ai와 친해지기,1
주우재,1
면접은,1
조세호,1
작두타는,1
시즌2 ep,1
면접을,1
받으러 이은지 feat,1
페레로로셰,1
운전연수,1
탕후루,1
서울시 청년정책,1
대여 문화전시 관람까지,1
본토방위,1
주한미군 고정배치,1
전략변화,1
우선한다는 미국의,1
아플 구하는 14f,1
연휴 심야에,1
근황,1
카톡,1
배고파서 먹는거에요,1
먹는거에요,1
맨유vs첼시,1
2명퇴장,1
사귑니다,1
소통,1
당신의 고민 해결해,1
감스트 당신의,1
챗gpt,1
큰아빠,1
유명한 먹자골목,1
슬리퍼 신고도,1
할머님,1
할머님 섬총사2,1
귀여운,1
귀여운 호동이와 귀여운,1
강호동,1
예능이란 것이다,1
예능이란,1
예능,1
화성인,1
트레이닝,1
박규영 조우진,1
배우 동생,1
용띠클럽,1
가는 feat 런닝맨,1
조나단,1
가는,1
최한진,1
짐승돌,1
괴식,1
중국 괴식,1
감스트x용형,1
도색의 달인,1
dali 천재돼지,1
복남이 tv동물농장 달리,1
복남이 tv동물농장,1
하면 주고 애교도,1
애교도 넘치는,1
생활의달인,1
차선도색달인 도달인 달리,1
정교함의 대명사 차선,1
24시간연속재생 2025,1
요약,1
질리지 않는 팝송,1
하루종일 틀어놔도,1
939곡,1
중간광고 하루종일,1
보세요 초특가퀴즈쇼,1
ep 떠들고,1
우정,1
사랑과 우정 삼각관계,1
꼬꼬무,1
블랙박스로본세상,1
달리모아 하루라도 사고를,1
꼬물이,1
10명 9명이 틀린,1
교정해주는 팩트풀니스,1
남을,1
위대한 소설 문장,1
장면,1
베스트,1
충격적인 죽음,1
심층 리뷰,1
시대의 걸작,1
대부1,1
실제,1
이달의,1
외계인,1
외계인이,1
소설이 특별한 이유,1
tv동물농장,1
달리모아,1
진정한 미식가는,1
프리한19,1
다피스,1
운영하는 쇼타로의,1
sub 파티할,1
너도 놀러 고야,1
ep 71 빅뱅,1
집대성 ep,1
만드는 쇼타로의 말차,1
스펀지 케이크,1
디저트 심야에만,1
빙수집,1
복숭아,1
sub 공포특집,1
사나,1
twice 사나,1
사나의,1
놀리는 100가지 방법,1
주문,1
도와드리다,1
서비스,1
남자,1
공포특집 막차 출발합니다,1
쫄보트리오,1
기자피셜 의외로 모르는,1
시잡이 ep 05,1
쓰네요 눈떠보니,1
아기 성동일과,1
내가 시잡이 ep,1
고양이가 기특하네요,1
06,1
아일릿 윤아 모카,1
천재,1
삼행시 조롱,1
유일하게 유병재를 이긴,1
yg투어,1
눈떠보니,1
조카,1
하리무,1
시잡이 ep 04,1
소개팅을 싣고,1
ep 75 베이비복스,1
게임조교,1
군조교 위에,1
진짜 남자 소개시켜줘,1
남자 소개시켜줘,1
소개시켜줘,1
4명이 알려주는 머리,1
진짜 오랜만인 같은데,1
오랜만인 같은데,1
진짜 오랜만인,1
오랜만인,1
예쁘게 하는 제니머리스타일,1
헤어디자이너,1
예쁘게,1
차분한 머리,1
박지성,1
처녀귀신,1
차범근,1
축구의,1
사건들 실종 불륜,1
지금 한국에서 벌어지고,1
삼위일체,1
올림픽,1
35년 기자피셜,1
필수 조건 그들과의,1
소화할,1
오랜만이다,1
정도는 소화할,1
우기야,1
헌팅포차,1
가,1
그만,1
음주,1
경고,1
그냥 내비대로 가주세요,1
내비대로 가주세요,1
그냥 내비대로,1
내비대로,1
앞머리,1
잘라버린,1
출근하려고,1
말았다가 회사,1
패스트 샴푸,1
미용에 대해 잘못된,1
샴푸 효과 있나요,1
야한 생각하면 머리가,1
그거,1
연락,1
재데뷔한다고,1
컴투스13,1
80승,1
컴투스,1
16,1
컴투스15 기아vsnc,1
투수,1
한국시리즈 투수,1
기아vsnc,1
컴투스14,1
두산,1
스윕 4연승,1
컴투스12 한국시리즈 기아vs롯데,1
한국시리즈 기아vs롯데,1
컴투스12 한국시리즈,1
트윈스의,1
9월 25일,1
야구입니다,1
25,1
kbo,1
18,1
플레이오프,1
이태곤 티전드,1
4km 던진,1
그린,1
사람들은,1
그림작가,1
작가하고,1
피디님,1
모셔오나요,1
장바구니,1
야구선수들의,1
손아섭 옾더그,1
09,1
오재원의,1
롤모델 문현빈 161,1
문동주 하남자,1
한화이글스,1
야구 잘하게,1
막내,1
오답 폭주,1
2026 신인드래프트,1
vs 롯데,1
입대,1
살아남는 lp,1
웹툰 작가 10년,1
게임 대회,1
흑마술사,1
김준표,1
편,1
보내는,1
끔찍한,1
끔찍한 시간을,1
시간을 보내는,1
웹툰,1
상무인들을 위한 상무에서,1
웹툰 작가,1
남만 토스 이병건,1
이병건,1
토스,1
토스 이병건,1
남만,1
개유치한,1
서버 다피스 ep,1
제1회 부부동반,1
제1회,1
6시간,1
6시간 찍고,1
버전,1
밀린 상무,1
체조,1
칼각,1
엄수,1
트윈스,1
삼촌,1
총출동 트윈스,1
대명절 패밀리,1
이모 삼촌 많이,1
발표회,1
발표할지 발표하는 발표회,1
발표할지 발표하는,1
발표하는 발표회,1
발표할지,1
낭만닥터,1
찍고 4장 건지는,1
사고싶어,1
사고싶어 하는가,1
사람들은 그린 그림을,1
소년이,1
롯데의,1
롯데리아,1
고요속의외침,1
똑똑히,1
보여줄게,1
롯데에 지명되다,1
롯데만을,1
외치던 소년이,1
지명되다,1
고인물 오타쿠가 여자,1
pixid,1
고3 커플 사이에서,1
외국인,1
feat aespa,1
닝닝 pixid,1
여자 배구,1
배구 덕질하는,1
수빈 세븐틴,1
심장,1
원정덕밍,1
직후,1
신동건,1
43년 만에,1
처음 듣는 말인데,1
칭찬받은 이태곤,1
모두의주방 일본말이다,1
일본어 인사,1
인사 티전드,1
아메리카노,1
사진,1
유퀴즈온더블럭 아메리카노,1
vs 사진 공장,1
유재석,1
식스센스 시티투어2 미리보기,1
자리에만 엉뜨 켜놓은,1
날씨에 지석진 자리에만,1
식스센스2,1
응답하라1997 친구,1
명대사 바람,1
txt 투모로우바이투게더,1
투모로우바이투게더,1
본인 이름 나오면,1
2025 롯데자이언츠,1
유희관희유,1
잠실더비 편파응원중계,1
유희관 박재욱의,1
베어스vslg,1
대환장파티 kbo 흥행단장,1
편파응원중계 대환장파티,1
가슴뜨거워지는,1
반복재생,1
팀응원가 승리를 위한,1
수빈,1
위한 전진 포함,1
포함,1
이호준 전민재 포함,1
생존식량,1
먹기 위해,1
정해보기,1
칸쵸에서 본인,1
칸쵸에서,1
유희관희유 해외진출,1
vlog,1
파이터스 에스콘 필드,1
kbo 흥행단장,1
수빈 찰스엔터,1
모솔이다 vs 아니다,1
해본 사람 모솔이다,1
jpn sm 연습생,1
덕후 vs 하이브,1
연습생 출신 00학번,1
txt 투모로우바이투게더 수빈,1
유희관,1
불꽃야구,1
ai도 인정한,1
ai도,1
에스콘,1
후기 kbo 흥행단장,1
167cm에 구속이 153km,1
구속이 153km,1
야구장,1
온천에서 직관 가능한,1
노래 나래식,1
